<FluentXMLReport>
<version>
Fluent
Version: axi, pbns, sstkw (axi, pressure-based, SST k-omega)
Release: 23.2.0
Title: 
</version>

<Models>

Models
------

   Model                        Settings                       
   ---------------------------------------------------------
   Space                        Axisymmetric                   
   Time                         Steady                         
   Viscous                      SST k-omega turbulence model   
   Heat Transfer                Enabled                        
   Solidification and Melting   Disabled                       
   Radiation                    None                           
   Species                      Disabled                       
   Coupled Dispersed Phase      Disabled                       
   NOx Pollutants               Disabled                       
   SOx Pollutants               Disabled                       
   Soot                         Disabled                       
   Mercury Pollutants           Disabled                       
   Structure                    Disabled                       
   Acoustics                    Disabled                       
   Eulerian Wall Film           Disabled                       
   Potential/Electrochemistry   Disabled                       
   Multiphase                   Disabled                       

</Models>

<MaterialProperties>
Material Properties
-------------------

   Material: air (fluid)

      Property               Units      Method       Value(s)                     
      -------------------------------------------------------------------------
      Density                kg/m^3     ideal-gas    #f                           
      Cp (Specific Heat)     J/(kg K)   constant     1006.43                      
      Thermal Conductivity   W/(m K)    constant     0.0242                       
      Viscosity              kg/(m s)   sutherland   (1.716e-05 273.11 110.56 )   
      Molecular Weight       kg/kmol    constant     28.966                       

   Material: aluminum (solid)

      Property               Units      Method     Value(s)   
      -----------------------------------------------------
      Density                kg/m^3     constant   2719       
      Cp (Specific Heat)     J/(kg K)   constant   871        
      Thermal Conductivity   W/(m K)    constant   202.4      

</MaterialProperties>

<CellZoneConditions>
Cell Zone Conditions
--------------------

   Zones

      name            id   type    
      --------------------------
      nozzlezone      10   fluid   
      jetspreadzone   11   fluid   
      bypasszone      12   fluid   

   Setup Conditions

      nozzlezone

         Condition       Value   
         ---------------------
         Frame Motion?   no      

      jetspreadzone

         Condition       Value   
         ---------------------
         Frame Motion?   no      

      bypasszone

         Condition       Value   
         ---------------------
         Frame Motion?   no      

</CellZoneConditions>

<BoundaryConditions>
Boundary Conditions
-------------------

   Zones

      name                     id   type                 
      ------------------------------------------------
      farfield-jetspreadzone   14   pressure-far-field   
      farfield-bypasszone      15   pressure-far-field   
      inlet_radialtofarfield   16   pressure-inlet       
      inlet_jet                17   pressure-inlet       
      outlet                   13   pressure-outlet      
      wall_nozzzle             18   wall                 
      wall_nozzleoutside       19   wall                 
      axis_jet                 20   axis                 
      axis_nozzle              21   axis                 

   Setup Conditions

      farfield-jetspreadzone

         Condition             Value     
         -----------------------------
         Gauge Pressure [Pa]   7.0929    
         Mach Number           0.6       
         Temperature [K]       294.449   

      farfield-bypasszone

         Condition             Value     
         -----------------------------
         Gauge Pressure [Pa]   7.0929    
         Mach Number           0.6       
         Temperature [K]       294.449   

      inlet_radialtofarfield

         Condition                   Value     
         -----------------------------------
         Gauge Total Pressure [Pa]   7.0929    
         Total Temperature [K]       294.449   

      inlet_jet

         Condition                   Value      
         ------------------------------------
         Gauge Total Pressure [Pa]   87165.32   
         Total Temperature [K]       351.579    

      outlet

         Condition                        Value     
         ----------------------------------------
         Backflow Total Temperature [K]   294.449   

      wall_nozzzle

         Condition                  Value               
         --------------------------------------------
         Thermal BC Type            Heat Flux           
         Wall Motion                Stationary Wall     
         Shear Boundary Condition   No Slip             
         Wall Surface Roughness     rough-bc-standard   

      wall_nozzleoutside

         Condition                  Value               
         --------------------------------------------
         Thermal BC Type            Temperature         
         Wall Motion                Stationary Wall     
         Shear Boundary Condition   No Slip             
         Wall Surface Roughness     rough-bc-standard   

      axis_jet

         Condition   Value   
         -----------------

      axis_nozzle

         Condition   Value   
         -----------------

</BoundaryConditions>

<SolverSettings>
Solver Settings
---------------

   Equations

      Equation     Solved   
      -------------------
      Flow         yes      
      Turbulence   yes      
      Energy       yes      

   Numerics

      Numeric                         Enabled   
      ---------------------------------------
      Absolute Velocity Formulation   yes       

   Pseudo Time Explicit Relaxation Factors

      Variable                    Relaxation Factor   
      ---------------------------------------------
      Density                     1                   
      Body Forces                 1                   
      Turbulent Kinetic Energy    0.75                
      Specific Dissipation Rate   0.75                
      Turbulent Viscosity         1                   
      Energy                      0.75                
      Explicit Momentum           0.5                 
      Explicit Pressure           0.5                 

   Linear Solver

      Variable                    Solver Type   Termination Criterion   Residual Reduction Tolerance   
      ----------------------------------------------------------------------------------------------
      Flow                        F-Cycle       0.1                                                    
      Turbulent Kinetic Energy    F-Cycle       0.1                                                    
      Specific Dissipation Rate   F-Cycle       0.1                                                    
      Energy                      F-Cycle       0.1                                                    

   Pressure-Velocity Coupling

      Parameter                               Value     
      -----------------------------------------------
      Type                                    Coupled   
      Pseudo Time Method (Global Time Step)   yes       

   Discretization Scheme

      Variable                    Scheme                
      -----------------------------------------------
      Pressure                    Second Order          
      Density                     Second Order Upwind   
      Momentum                    Second Order Upwind   
      Turbulent Kinetic Energy    Second Order Upwind   
      Specific Dissipation Rate   Second Order Upwind   
      Energy                      Second Order Upwind   

   Solution Limits

      Quantity                                 Limit    
      -----------------------------------------------
      Minimum Absolute Pressure [Pa]           1        
      Maximum Absolute Pressure [Pa]           5e+10    
      Minimum Static Temperature [K]           1        
      Maximum Static Temperature [K]           5000     
      Minimum Turb. Kinetic Energy [m^2/s^2]   1e-14    
      Minimum Spec. Dissipation Rate [s^-1]    1e-20    
      Maximum Turb. Viscosity Ratio            100000   

</SolverSettings>

</FluentXMLReport>